{
  "mean": [
    74.33687500000005,
    87.20562500000001,
    65.97187499999997,
    61.322374999999965,
    51.29125000000001,
    340.1281250000001,
    6.6770249999999995,
    0.20735499999999984,
    8.281249999999998,
    28.152250000000013,
    16.99,
    38.695
  ],
  "scale": [
    65.7832921624813,
    76.20628586842015,
    85.61809809546334,
    67.01200349086261,
    36.10760201726914,
    99.07880838748706,
    1.6825609645344208,
    0.0945525064448321,
    2.9182954678202155,
    18.183709603309776,
    13.095606133356338,
    15.483038300023667
  ],
  "feature_names": [
    "youtube_mins_daily",
    "social_media_mins_daily",
    "gaming_mins_daily",
    "productivity_mins_daily",
    "streaming_mins_daily",
    "total_app_usage_mins",
    "screen_on_hours",
    "night_usage_pct",
    "app_switches_per_hour",
    "avg_session_duration_mins",
    "num_sessions_daily",
    "age"
  ]
}